Name,Description
William Jacket E-commerce Website,"SEO Strategy: Conducted thorough keyword research and optimized product pages for better rankings and user experience.
Tools Used: Google Analytics, SEMrush, Google Search Console.

"
Oskar Jackets,"SEO Strategy: Conducted thorough keyword research and optimized product pages for better rankings and user experience.
Tools Used: Google Analytics, SEMrush, Google Search Console.

"
Vintage Jackets,"SEO Strategy: Conducted thorough keyword research and optimized product pages for better rankings and user experience.
Tools Used: Google Analytics, SEMrush, Google Search Console.

"